{
  "marketing_stripe": {
    "text": "Ganhe 10% de desconto na sua primeira compra com o cupon: PRIMEIRACOMPRA",
    "link": "",
    "background": "#e83e8c",
    "color": "#ffffff"
  },
  "contacts_stripe": {
    "pages": [
      {
        "title": "Sobre nós",
        "link": "/pages/sobre-nos"
      },
      {
        "title": "Dúvidas frequentes",
        "link": "/posts/esta-loja-e-um-pwa"
      },
      {
        "title": "Atendimento"
      }
    ],
    "phone_wpp": true,
    "socials": true
  },
  "categories_list": {
    "featured": [],
    "random": 8,
    "full_width": true
  },
  "desktop_megamenu": true,
  "search_input": true
}