{
  "meta_title": "",
  "meta_description": "",
  "sections": [
    {
      "type": "banner-slider",
      "autoplay": 9000,
      "full_width": true,
      "slides": [
        {
          "img": "/img/uploads/banner-img-txt-btn-done.png",
          "link": "",
          "alt": "",
          "start": "",
          "end": "",
          "mobile_img": "/img/uploads/1.png"
        },
        {
          "img": "/img/uploads/banner2.png",
          "alt": "",
          "start": "",
          "end": "",
          "mobile_img": "/img/uploads/2.png"
        },
        {
          "img": "/img/uploads/demaquilante-banner-fullwidth-2x.png",
          "alt": "",
          "start": "",
          "end": "",
          "mobile_img": "/img/uploads/3.png"
        }
      ]
    },
    {
      "type": "info-bar",
      "enabled": true
    },
    {
      "type": "collection-shelf",
      "shuffle": true,
      "collection_id": null,
      "sort": "offers",
      "title": "",
      "headless": false,
      "limit": 12,
      "page": 1
    },
    {
      "type": "brands-carousel",
      "limit": 21,
      "offset": 0,
      "sort": null
    },
    {
      "type": "custom-html",
      "html": "<div class=\"banners-grid my-3 my-md-4 my-lg-5\">\n  <div class=\"container\">\n    <div class=\"row\">\n      <div class=\"col-12 col-lg-6 mb-3 mb-lg-0\">\n        <div class=\"banner my-2\">\n          <a href=\"javascript:;\" aria-label=\"\" style=\"min-height: 145.845px;\">\n            <picture class=\"lozad fade img-fluid show\" data-iesrc=\"/img/uploads/banner-horizontal-img-done.png\" data-alt=\"\" data-width=\"2611\" data-height=\"1088\" data-loaded=\"true\">\n              <source srcset=\"/img/uploads/banner-horizontal-img-done.png\" media=\"\">\n              <img>\n            </picture>\n          </a>\n        </div>\n        <div class=\"banner my-2\">\n          <a href=\"javascript:;\" aria-label=\"\" style=\"min-height: 145.833px;\">\n            <picture class=\"lozad fade img-fluid show\" data-iesrc=\"/img/uploads/banner-horizontal-2-2x.png\" data-alt=\"\" data-width=\"1248\" data-height=\"520\" data-loaded=\"true\">\n              <source srcset=\"/img/uploads/banner-horizontal-2-2x.png\" media=\"\">\n              <img>\n            </picture>\n          </a>\n        </div>\n      </div>\n      <div class=\"col-12 col-lg-6 mb-3 mb-lg-0\">\n        <div class=\"banner\">\n          <a href=\"javascript:;\" aria-label=\"\" style=\"min-height: 309.486px;\">\n            <picture class=\"lozad fade img-fluid show\" data-iesrc=\"/img/uploads/banner-vertical-img-done.png\" data-alt=\"\" data-width=\"1244\" data-height=\"1100\" data-loaded=\"true\">\n              <source srcset=\"/img/uploads/banner-vertical-img-done.png\" media=\"\">\n              <img>\n            </picture>\n          </a>\n        </div>\n      </div>\n    </div>\n  </div>\n</div>"
    },
    {
      "type": "collection-shelf",
      "shuffle": false,
      "limit": 12,
      "page": 1
    },
    {
      "type": "responsive-banner",
      "img": "/img/uploads/banner-horizontal-big-2x.png"
    },
    {
      "type": "blog",
      "enabled": true
    },
    {
      "type": "page-title",
      "title": "Loja do tema Beuty ",
      "description": "Essa loja é fictícia e existe apenas de exibição de um tema"
    }
  ]
}
